капучино;маленький
латте;маленький
капучино;большой
капучино;большой
раф;средний
раф;маленький
латте;маленький
латте;большой
латте;большой
латте;средний
капучино;средний
латте;большой
капучино;средний
капучино;большой
латте;большой
капучино;средний
раф;маленький
латте;маленький
капучино;средний
латте;большой
капучино;маленький
латте;маленький
раф;большой
раф;средний
раф;средний
раф;маленький
капучино;средний
капучино;маленький
капучино;средний
капучино;средний
капучино;средний
капучино;средний
капучино;большой
раф;большой
капучино;средний
капучино;большой
капучино;маленький
капучино;средний
латте;большой
латте;маленький
латте;маленький
раф;средний
раф;большой
латте;маленький
капучино;средний
капучино;средний
капучино;средний
латте;средний
капучино;средний
капучино;маленький
раф;маленький
раф;большой
раф;маленький
капучино;средний
раф;маленький
капучино;средний
капучино;средний
раф;маленький
раф;средний
латте;маленький
капучино;средний
латте;большой
раф;большой
капучино;большой
латте;средний
латте;средний
раф;маленький
капучино;средний
латте;маленький
капучино;большой
капучино;маленький
латте;большой
латте;большой
раф;маленький
латте;большой
капучино;средний
раф;маленький
латте;большой
латте;большой
капучино;большой
раф;маленький
капучино;средний
латте;маленький
капучино;маленький
раф;большой
раф;маленький
латте;маленький
латте;средний
капучино;большой
раф;большой
раф;большой
раф;маленький
капучино;большой
капучино;маленький
раф;маленький
капучино;средний
капучино;большой
раф;большой
латте;средний
капучино;большой
раф;большой
капучино;средний
капучино;средний
капучино;большой
капучино;средний
латте;маленький
раф;средний
раф;маленький
раф;большой
раф;средний
раф;маленький
латте;маленький
капучино;маленький
латте;большой
латте;средний
капучино;большой
капучино;большой
латте;большой
латте;большой
капучино;маленький
латте;средний
латте;средний
капучино;средний
латте;средний
латте;маленький
латте;маленький
раф;большой
капучино;маленький
раф;средний
раф;средний
раф;маленький
капучино;большой
раф;средний
раф;маленький
капучино;большой
латте;маленький
латте;средний
латте;большой
капучино;средний
капучино;средний
раф;большой
капучино;средний
капучино;большой
капучино;средний
латте;средний
латте;маленький
капучино;большой
латте;маленький
раф;маленький
раф;большой
